User_ID,Start_node,End_node,Request_time,Population
1,24,14,0,1
2,9,14,0,2
3,23,19,1,2
4,16,18,4,1
5,12,16,4,1
6,16,22,5,1
7,14,19,5,2
8,14,5,5,1
9,21,24,6,1
10,3,4,7,1
11,17,23,7,3
12,11,3,8,1
13,10,24,9,4
14,24,2,9,1
15,15,22,9,1
16,12,13,10,2
17,11,14,10,1
18,19,4,12,1
19,4,3,12,1
20,15,20,12,1
21,15,6,14,1
22,16,1,14,4
23,10,11,16,2
24,16,9,16,1
25,10,11,16,2
26,11,12,17,1
27,11,2,18,1
28,14,6,19,2
29,5,7,22,2
30,11,9,22,2
31,1,11,23,1
32,15,6,23,1
33,18,20,24,1
34,7,3,24,1
35,15,11,25,1
36,17,23,26,2
37,24,3,26,1
38,18,11,26,1
39,11,10,26,4
40,24,10,26,2
41,23,9,27,1
42,13,15,27,2
43,15,16,27,1
44,21,16,27,2
45,11,19,28,2
46,19,16,28,1
47,15,7,29,1
48,10,3,29,1
49,15,10,30,1
50,14,23,30,1
51,5,22,31,1
52,11,18,33,1
53,4,8,33,1
54,11,20,34,1
55,11,16,35,1
56,11,15,36,1
57,14,21,37,1
58,6,4,37,1
59,22,12,37,2
60,15,3,38,1
61,17,18,38,1
62,20,8,38,1
63,14,19,39,3
64,2,23,40,1
65,15,21,41,1
66,14,12,42,1
67,17,15,43,3
68,14,22,44,1
69,16,3,45,1
70,24,12,45,1
71,11,8,45,1
72,8,19,47,1
73,11,24,49,1
74,15,12,49,1
75,11,15,50,1
76,14,18,50,4
77,6,7,52,2
78,15,8,52,1
79,10,4,52,1
80,9,22,54,1
81,18,13,56,2
82,14,7,57,1
83,12,15,57,1
84,20,1,60,1
85,4,9,63,1
86,15,18,64,1
87,10,24,65,1
88,8,17,65,1
89,15,4,67,4
90,11,16,67,1
91,10,18,67,1
92,22,17,68,1
93,9,4,70,1
94,13,15,70,2
95,2,10,71,1
96,8,3,71,2
97,19,24,71,1
98,15,17,72,1
99,14,21,73,1
100,10,1,73,2
101,14,11,73,1
102,1,5,73,1
103,15,22,74,1
104,15,11,75,1
105,14,16,76,2
106,14,10,77,1
107,4,23,77,2
108,10,3,77,2
109,14,4,77,1
110,11,23,77,1
111,24,15,78,1
112,21,15,78,2
113,7,21,78,1
114,14,10,79,1
115,15,23,80,1
116,7,18,80,2
117,10,14,81,1
118,15,6,82,1
119,20,18,83,1
120,11,4,83,1
121,10,2,84,1
122,17,18,85,2
123,14,6,85,2
124,11,17,86,2
125,10,14,86,1
126,4,11,87,2
127,1,11,87,1
128,14,4,87,1
129,9,8,89,2
130,23,16,89,1
131,5,10,90,2
132,11,18,90,1
133,11,23,90,1
134,10,4,91,1
135,15,5,91,1
136,14,17,91,1
137,15,7,91,1
138,4,9,93,1
139,11,22,93,1
140,13,22,94,1
141,11,23,94,2
142,2,19,94,2
143,9,2,94,1
144,22,7,95,1
145,8,16,95,1
146,18,23,95,2
147,17,7,97,2
148,11,1,97,2
149,11,17,97,1
150,17,5,97,1
151,15,22,98,1
152,17,6,98,1
153,15,4,98,2
154,15,18,99,2
155,21,5,99,1
156,17,13,100,1
157,8,24,102,1
158,15,12,102,1
159,4,8,103,1
160,11,6,103,2
161,11,12,103,1
162,9,19,105,1
163,22,18,106,1
164,5,3,107,2
165,1,15,107,1
166,10,6,107,2
167,24,9,109,1
168,10,20,109,1
169,17,20,110,1
170,8,11,112,1
171,14,6,112,1
172,23,22,114,2
173,15,21,114,1
174,24,15,115,1
175,14,11,116,1
176,24,19,116,2
177,17,10,116,3
178,15,5,118,1
179,20,23,118,2
180,14,8,120,1
181,11,17,121,2
182,14,10,122,2
183,10,24,122,1
184,15,12,122,1
185,8,14,123,1
186,14,12,126,1
187,14,22,126,3
188,15,20,126,1
189,15,13,130,2
190,5,7,131,1
191,14,9,132,1
192,11,21,132,1
193,14,24,133,1
194,15,22,135,1
195,14,24,136,1
196,15,2,136,1
197,13,11,137,1
198,11,1,138,1
199,10,2,138,1
200,10,8,138,1
201,15,14,139,1
202,15,10,140,1
203,9,10,141,2
204,23,24,142,2
205,15,24,142,1
206,14,2,144,2
207,18,9,145,1
208,12,19,145,1
209,11,9,145,1
210,10,12,147,1
211,7,13,147,1
212,15,4,148,1
213,18,11,149,1
214,15,9,149,1
215,11,10,151,1
216,14,10,153,1
217,14,1,155,1
218,22,6,155,2
219,11,17,156,1
220,8,13,156,1
221,19,24,156,2
222,20,11,158,1
223,3,9,158,1
224,9,24,160,1
225,14,5,161,1
226,15,12,162,1
227,14,20,163,2
228,9,23,163,1
229,6,23,163,1
230,13,1,163,1
231,16,13,164,1
232,10,2,164,1
233,4,11,165,1
234,14,1,167,1
235,9,7,167,3
236,3,16,168,1
237,15,21,168,1
238,17,6,169,1
239,11,10,170,2
240,10,14,171,1
241,10,19,171,1
242,11,20,171,1
243,14,24,171,1
244,14,8,171,2
245,11,14,174,1
246,14,6,174,3
247,15,1,175,1
248,14,18,175,1
249,11,12,176,1
250,14,12,177,2
251,14,13,177,1
252,10,4,177,1
253,10,18,178,1
254,14,3,178,2
255,14,2,178,1
256,14,18,179,1
257,11,10,179,2
258,14,21,180,2
259,24,20,180,2
260,11,22,183,1
261,18,5,184,1
262,4,13,184,2
263,19,23,186,1
264,22,4,187,1
265,10,21,187,1
266,1,6,187,2
267,12,8,188,1
268,9,11,189,1
269,23,12,191,1
270,20,21,192,1
271,23,21,194,1
272,14,16,194,2
273,13,11,194,1
274,17,7,194,1
275,14,7,195,1
276,10,19,197,1
277,22,9,197,1
278,11,10,198,2
279,15,8,198,1
280,13,24,198,1
281,9,10,199,1
282,10,11,202,2
283,14,21,204,1
284,7,21,205,1
285,1,4,206,1
286,11,1,206,1
287,15,21,206,1
288,14,18,208,1
289,10,23,209,1
290,15,10,209,1
291,12,6,211,1
292,24,12,213,2
293,15,5,213,1
294,17,5,215,1
295,10,18,216,3
296,7,23,216,1
297,9,7,217,1
298,11,5,218,1
299,13,21,218,1
300,9,14,219,2
301,15,17,219,1
302,19,15,220,1
303,10,18,220,1
304,13,21,224,1
305,14,3,224,1
306,15,12,225,1
307,7,20,226,1
308,10,20,228,1
309,15,21,230,2
310,14,13,230,1
311,20,7,231,1
312,11,23,232,1
313,11,23,233,1
314,10,18,233,1
315,10,11,235,2
316,14,22,237,1
317,10,8,237,1
318,18,23,237,1
319,10,18,238,1
320,15,20,239,1
